-- phpMyAdmin SQL Dump
-- version 4.0.4
-- http://www.phpmyadmin.net
--
-- Host: 127.0.0.1
-- Generation Time: Aug 26, 2016 at 12:31 PM
-- Server version: 5.5.32
-- PHP Version: 5.4.16

SET SQL_MODE = "NO_AUTO_VALUE_ON_ZERO";
SET time_zone = "+00:00";


/*!40101 SET @OLD_CHARACTER_SET_CLIENT=@@CHARACTER_SET_CLIENT */;
/*!40101 SET @OLD_CHARACTER_SET_RESULTS=@@CHARACTER_SET_RESULTS */;
/*!40101 SET @OLD_COLLATION_CONNECTION=@@COLLATION_CONNECTION */;
/*!40101 SET NAMES utf8 */;

--
-- Database: `dcpr`
--
CREATE DATABASE IF NOT EXISTS `dcpr` DEFAULT CHARACTER SET latin1 COLLATE latin1_swedish_ci;
USE `dcpr`;

-- --------------------------------------------------------

--
-- Table structure for table `account_sessions`
--

CREATE TABLE IF NOT EXISTS `account_sessions` (
  `id` varchar(40) NOT NULL,
  `ip_address` varchar(45) NOT NULL,
  `timestamp` int(10) unsigned NOT NULL DEFAULT '0',
  `data` blob NOT NULL,
  KEY `account_sessions_timestamp` (`timestamp`)
) ENGINE=InnoDB DEFAULT CHARSET=latin1;

--
-- Dumping data for table `account_sessions`
--

INSERT INTO `account_sessions` (`id`, `ip_address`, `timestamp`, `data`) VALUES
('91306222c3a04dc652b7dfe0ad320f0955132bef', '127.0.0.1', 1472190882, 0x5f5f63695f6c6173745f726567656e65726174657c693a313437323139303632343b6c6f67676564496e7c623a313b757365725f69647c733a313a2231223b757365726e616d657c733a353a2261646d696e223b6e616d657c733a353a2241646d696e223b),
('ece41caf4d8b8a14e0443928c512af95b2a6b451', '127.0.0.1', 1472191229, 0x5f5f63695f6c6173745f726567656e65726174657c693a313437323139303934323b6c6f67676564496e7c623a313b757365725f69647c733a313a2231223b757365726e616d657c733a353a2261646d696e223b6e616d657c733a353a2241646d696e223b),
('7eae8f1bc43f34550505b226da4f4a30efa5dda4', '127.0.0.1', 1472191523, 0x5f5f63695f6c6173745f726567656e65726174657c693a313437323139313234383b6c6f67676564496e7c623a313b757365725f69647c733a313a2231223b757365726e616d657c733a353a2261646d696e223b6e616d657c733a353a2241646d696e223b),
('70b0aa08068e5867875e9ac6ef731e66c0b0d2d8', '127.0.0.1', 1472191887, 0x5f5f63695f6c6173745f726567656e65726174657c693a313437323139313630303b6c6f67676564496e7c623a313b757365725f69647c733a313a2231223b757365726e616d657c733a353a2261646d696e223b6e616d657c733a353a2241646d696e223b),
('aa057c9b00dcc77fb308b94d55d197f62ae607d1', '127.0.0.1', 1472192259, 0x5f5f63695f6c6173745f726567656e65726174657c693a313437323139313938313b6c6f67676564496e7c623a313b757365725f69647c733a313a2231223b757365726e616d657c733a353a2261646d696e223b6e616d657c733a353a2241646d696e223b),
('3b13a561ea42d474dd4c1a694ac1bddcda773711', '127.0.0.1', 1472192599, 0x5f5f63695f6c6173745f726567656e65726174657c693a313437323139323330323b6c6f67676564496e7c623a313b757365725f69647c733a313a2231223b757365726e616d657c733a353a2261646d696e223b6e616d657c733a353a2241646d696e223b),
('fde355c2d9741e377243524b543a754e2ea8e2fa', '127.0.0.1', 1472192980, 0x5f5f63695f6c6173745f726567656e65726174657c693a313437323139323638373b6c6f67676564496e7c623a313b757365725f69647c733a313a2231223b757365726e616d657c733a353a2261646d696e223b6e616d657c733a353a2241646d696e223b),
('cbc6c860421d8c248fa92d1d8da0b39b295fd891', '127.0.0.1', 1472192992, 0x5f5f63695f6c6173745f726567656e65726174657c693a313437323139323939313b6c6f67676564496e7c623a313b757365725f69647c733a313a2231223b757365726e616d657c733a353a2261646d696e223b6e616d657c733a353a2241646d696e223b),
('55934129bad3f6c6d34b3750016afd351fd3a47d', '127.0.0.1', 1472193492, 0x5f5f63695f6c6173745f726567656e65726174657c693a313437323139333330353b6c6f67676564496e7c623a313b757365725f69647c733a313a2231223b757365726e616d657c733a353a2261646d696e223b6e616d657c733a353a2241646d696e223b),
('25fb418ac74b4ec378d758eaa6b0966dc00bb96b', '127.0.0.1', 1472193945, 0x5f5f63695f6c6173745f726567656e65726174657c693a313437323139333639363b6c6f67676564496e7c623a313b757365725f69647c733a313a2231223b757365726e616d657c733a353a2261646d696e223b6e616d657c733a353a2241646d696e223b),
('7194165d2ac9eece1a34e5939cd5427d6bbf1424', '127.0.0.1', 1472194347, 0x5f5f63695f6c6173745f726567656e65726174657c693a313437323139343038313b6c6f67676564496e7c623a313b757365725f69647c733a313a2231223b757365726e616d657c733a353a2261646d696e223b6e616d657c733a353a2241646d696e223b),
('66a6e36b35aaa842f6a3e8d2dbe7a5566aa01e17', '127.0.0.1', 1472194585, 0x5f5f63695f6c6173745f726567656e65726174657c693a313437323139343338373b6c6f67676564496e7c623a313b757365725f69647c733a313a2231223b757365726e616d657c733a353a2261646d696e223b6e616d657c733a353a2241646d696e223b),
('aa865b817aad1424fca742db692eb99de9a5faec', '127.0.0.1', 1472194975, 0x5f5f63695f6c6173745f726567656e65726174657c693a313437323139343733313b6c6f67676564496e7c623a313b757365725f69647c733a313a2231223b757365726e616d657c733a353a2261646d696e223b6e616d657c733a353a2241646d696e223b),
('056ca264e354d1e79b1afdbabd521df795580400', '127.0.0.1', 1472195713, 0x5f5f63695f6c6173745f726567656e65726174657c693a313437323139353431393b6c6f67676564496e7c623a313b757365725f69647c733a313a2231223b757365726e616d657c733a353a2261646d696e223b6e616d657c733a353a2241646d696e223b),
('3e2f0224eac327edda96b21d541bd4675041a839', '127.0.0.1', 1472196015, 0x5f5f63695f6c6173745f726567656e65726174657c693a313437323139353736313b6c6f67676564496e7c623a313b757365725f69647c733a313a2231223b757365726e616d657c733a353a2261646d696e223b6e616d657c733a353a2241646d696e223b),
('d1f7bfd69097bbbe9786a6384fc2cbd17fa377f2', '127.0.0.1', 1472196308, 0x5f5f63695f6c6173745f726567656e65726174657c693a313437323139363036343b6c6f67676564496e7c623a313b757365725f69647c733a313a2231223b757365726e616d657c733a353a2261646d696e223b6e616d657c733a353a2241646d696e223b),
('03649fc9ac234365e694e86bb1988b2c551de5e7', '127.0.0.1', 1472196668, 0x5f5f63695f6c6173745f726567656e65726174657c693a313437323139363337343b6c6f67676564496e7c623a313b757365725f69647c733a313a2231223b757365726e616d657c733a353a2261646d696e223b6e616d657c733a353a2241646d696e223b),
('593c6aac33a4a5156986f0b2253c1cfa2d3c3572', '127.0.0.1', 1472197019, 0x5f5f63695f6c6173745f726567656e65726174657c693a313437323139363733333b6c6f67676564496e7c623a313b757365725f69647c733a313a2231223b757365726e616d657c733a353a2261646d696e223b6e616d657c733a353a2241646d696e223b),
('b6806b7d45e67f9db28f9a456889c449e6ffd4fa', '127.0.0.1', 1472197309, 0x5f5f63695f6c6173745f726567656e65726174657c693a313437323139373034343b6c6f67676564496e7c623a313b757365725f69647c733a313a2231223b757365726e616d657c733a353a2261646d696e223b6e616d657c733a353a2241646d696e223b),
('2ec54932c79495441876245b6338ab82b66b4e88', '127.0.0.1', 1472197652, 0x5f5f63695f6c6173745f726567656e65726174657c693a313437323139373335393b6c6f67676564496e7c623a313b757365725f69647c733a313a2231223b757365726e616d657c733a353a2261646d696e223b6e616d657c733a353a2241646d696e223b),
('0f9cc89b6300dfd0a0966a50e0c7ff4f93106560', '127.0.0.1', 1472197952, 0x5f5f63695f6c6173745f726567656e65726174657c693a313437323139373638363b6c6f67676564496e7c623a313b757365725f69647c733a313a2231223b757365726e616d657c733a353a2261646d696e223b6e616d657c733a353a2241646d696e223b),
('d9847cc58043cd3d05265ef4dcbb734fa251b294', '127.0.0.1', 1472198598, 0x5f5f63695f6c6173745f726567656e65726174657c693a313437323139383331373b6c6f67676564496e7c623a313b757365725f69647c733a313a2231223b757365726e616d657c733a353a2261646d696e223b6e616d657c733a353a2241646d696e223b),
('94bd9b655875f2449cbc195d5eda81c93780b134', '127.0.0.1', 1472198915, 0x5f5f63695f6c6173745f726567656e65726174657c693a313437323139383635353b6c6f67676564496e7c623a313b757365725f69647c733a313a2231223b757365726e616d657c733a353a2261646d696e223b6e616d657c733a353a2241646d696e223b),
('83195693f59f4018b7243682742aa9358034ce2c', '127.0.0.1', 1472200941, 0x5f5f63695f6c6173745f726567656e65726174657c693a313437323230303634313b6c6f67676564496e7c623a313b757365725f69647c733a313a2231223b757365726e616d657c733a353a2261646d696e223b6e616d657c733a353a2241646d696e223b),
('51310ff82fbbc6b0d58a420a889d5d2cc25fd532', '127.0.0.1', 1472201338, 0x5f5f63695f6c6173745f726567656e65726174657c693a313437323230313034393b6c6f67676564496e7c623a313b757365725f69647c733a313a2231223b757365726e616d657c733a353a2261646d696e223b6e616d657c733a353a2241646d696e223b),
('811c1e53f4bfa6793cd80f57ca951d3df820ff64', '127.0.0.1', 1472201639, 0x5f5f63695f6c6173745f726567656e65726174657c693a313437323230313335363b6c6f67676564496e7c623a313b757365725f69647c733a313a2231223b757365726e616d657c733a353a2261646d696e223b6e616d657c733a353a2241646d696e223b),
('c7f245a99ee0203b851f3174c0e88e43a78bbf71', '127.0.0.1', 1472201947, 0x5f5f63695f6c6173745f726567656e65726174657c693a313437323230313637333b6c6f67676564496e7c623a313b757365725f69647c733a313a2231223b757365726e616d657c733a353a2261646d696e223b6e616d657c733a353a2241646d696e223b),
('b0817d23ad2b854becb1d712f30932cc76a0e5ee', '127.0.0.1', 1472202287, 0x5f5f63695f6c6173745f726567656e65726174657c693a313437323230323030333b6c6f67676564496e7c623a313b757365725f69647c733a313a2231223b757365726e616d657c733a353a2261646d696e223b6e616d657c733a353a2241646d696e223b),
('4d9acf588adaaf9ba2629b50ce6073fa1715b106', '127.0.0.1', 1472202573, 0x5f5f63695f6c6173745f726567656e65726174657c693a313437323230323332353b6c6f67676564496e7c623a313b757365725f69647c733a313a2231223b757365726e616d657c733a353a2261646d696e223b6e616d657c733a353a2241646d696e223b),
('9be7329272b07b0f30695874d3c7500ba263e2eb', '127.0.0.1', 1472203048, 0x5f5f63695f6c6173745f726567656e65726174657c693a313437323230323738333b6c6f67676564496e7c623a313b757365725f69647c733a313a2231223b757365726e616d657c733a353a2261646d696e223b6e616d657c733a353a2241646d696e223b),
('7269fba186f4dd00c3acfff400b0be3f5d01f16c', '127.0.0.1', 1472203382, 0x5f5f63695f6c6173745f726567656e65726174657c693a313437323230333133323b6c6f67676564496e7c623a313b757365725f69647c733a313a2231223b757365726e616d657c733a353a2261646d696e223b6e616d657c733a353a2241646d696e223b),
('edb2714b9750c2e744f37031b63810b287ea2b14', '127.0.0.1', 1472203887, 0x5f5f63695f6c6173745f726567656e65726174657c693a313437323230333638323b6c6f67676564496e7c623a313b757365725f69647c733a313a2231223b757365726e616d657c733a353a2261646d696e223b6e616d657c733a353a2241646d696e223b),
('d5fd85582c2ffc3deddce4dcad344a675c0b3b62', '127.0.0.1', 1472203995, 0x5f5f63695f6c6173745f726567656e65726174657c693a313437323230333939353b6c6f67676564496e7c623a313b757365725f69647c733a313a2231223b757365726e616d657c733a353a2261646d696e223b6e616d657c733a353a2241646d696e223b),
('261b491313f73bfa175362bddab223d560a6a85d', '127.0.0.1', 1472205666, 0x5f5f63695f6c6173745f726567656e65726174657c693a313437323230353336393b6c6f67676564496e7c623a313b757365725f69647c733a313a2231223b757365726e616d657c733a353a2261646d696e223b6e616d657c733a353a2241646d696e223b),
('75534fb5fec0e5a6b14940d5d07218cb8a4347a5', '127.0.0.1', 1472205806, 0x5f5f63695f6c6173745f726567656e65726174657c693a313437323230353637393b6c6f67676564496e7c623a313b757365725f69647c733a313a2231223b757365726e616d657c733a353a2261646d696e223b6e616d657c733a353a2241646d696e223b),
('d1aa21cffb9c9b1164380f3ee28dc242811eee77', '127.0.0.1', 1472206478, 0x5f5f63695f6c6173745f726567656e65726174657c693a313437323230363332303b6c6f67676564496e7c623a313b757365725f69647c733a313a2231223b757365726e616d657c733a353a2261646d696e223b6e616d657c733a353a2241646d696e223b),
('d52074ceda8711e2137ebc063645cbf68fc1d742', '127.0.0.1', 1472206933, 0x5f5f63695f6c6173745f726567656e65726174657c693a313437323230363730303b6c6f67676564496e7c623a313b757365725f69647c733a313a2231223b757365726e616d657c733a353a2261646d696e223b6e616d657c733a353a2241646d696e223b),
('7d567d5c8215b921115c947ddca00f8e8a8d357f', '127.0.0.1', 1472207488, 0x5f5f63695f6c6173745f726567656e65726174657c693a313437323230373333343b6c6f67676564496e7c623a313b757365725f69647c733a313a2231223b757365726e616d657c733a353a2261646d696e223b6e616d657c733a353a2241646d696e223b);

-- --------------------------------------------------------

--
-- Table structure for table `bank_accounts`
--

CREATE TABLE IF NOT EXISTS `bank_accounts` (
  `id` int(10) NOT NULL AUTO_INCREMENT,
  `fund_id` int(10) NOT NULL,
  `bank_name` varchar(100) NOT NULL,
  `account_number` varchar(100) NOT NULL,
  `fund_category` varchar(100) DEFAULT 'disposable',
  `priority` int(2) NOT NULL DEFAULT '0',
  PRIMARY KEY (`id`)
) ENGINE=InnoDB  DEFAULT CHARSET=latin1 AUTO_INCREMENT=45 ;

--
-- Dumping data for table `bank_accounts`
--

INSERT INTO `bank_accounts` (`id`, `fund_id`, `bank_name`, `account_number`, `fund_category`, `priority`) VALUES
(4, 1, 'CHINABANK', 'CA#151-9', 'disposable', 1),
(5, 2, 'CHINABANK', 'CA#131-5', 'disposable', 1),
(6, 2, 'ONB/SanPedro', 'SA#0621', 'time_deposit', 2),
(7, 2, 'Metrobank', 'SA#607-2', 'time_deposit', 3),
(8, 3, 'Security Bank', 'CA#001', 'disposable', 1),
(9, 3, 'PNB', 'SA#0020', 'disposable', 2),
(10, 4, 'ONB/SanPedro', 'CA#9245', 'disposable', 1),
(11, 5, 'LB', '#', 'disposable', 1),
(12, 6, 'Metrobank', 'CA#162-7', 'disposable', 1),
(13, 7, 'BPI/Recto', 'CA#58-77', 'disposable', 1),
(14, 8, 'SB', 'CA#002', 'disposable', 1),
(15, 9, 'SB', 'CA#005', 'disposable', 1),
(16, 9, 'SB - AOS', 'CA#002', 'disposable', 2),
(17, 9, 'Metrobank', 'SA#083-1', 'disposable', 3),
(18, 10, 'BDO-Recto', 'CA#5918', 'disposable', 1),
(19, 11, 'BDO-Recto', 'CA#5918', 'disposable', 1),
(23, 2, 'Metrobank', 'Common Account', 'dollar', 1),
(24, 3, 'Metrobank', 'Common Account', 'dollar', 1),
(25, 11, 'Metrobank', 'Common Account', 'dollar', 1),
(26, 6, 'Metrobank', 'Common Account', 'dollar', 1),
(27, 2, 'Eastern Securities', 'BDO Stocks', 'long_term', 1),
(28, 2, 'BDO', 'Prudential', 'time_deposit', 1),
(29, 2, 'Metrobank', 'FXTN 5-72', 'time_deposit', 2),
(30, 2, 'ONB/SanPedro', '1108', 'time_deposit', 3),
(31, 2, 'ONB/SanPedro', '1981', 'time_deposit', 4),
(32, 2, 'Metrobank-Bajada', 'Foreign TD 612-6', 'time_deposit', 5),
(33, 2, 'Canadian Bank', '043-100', 'time_deposit', 6),
(34, 3, 'SB', 'UITF', 'long_term', 1),
(35, 12, 'ONB/SanPedro', '4336', 'time_deposit', 1),
(36, 12, 'Metrobank-Roxas', '121-4', 'time_deposit', 2),
(37, 4, 'ONB/SanPedro', '9651', 'time_deposit', 1),
(38, 4, 'LBP', 'LTNCD', 'long_term', 1),
(39, 4, 'LBP', 'LTNCD Interest', 'long_term', 2),
(40, 9, 'Security Bank', '0180-UITF', 'time_deposit', 1),
(41, 6, 'Metrobank-Roxas', '925-2', 'time_deposit', 1),
(42, 6, 'Metrobank', '666-0', 'time_deposit', 2),
(43, 6, 'ONB/SanPedro', '9669/1965', 'time_deposit', 3),
(44, 6, 'SUNLIFE', '#', 'long_term', 1);

-- --------------------------------------------------------

--
-- Table structure for table `funds`
--

CREATE TABLE IF NOT EXISTS `funds` (
  `id` int(10) NOT NULL AUTO_INCREMENT,
  `name` varchar(100) NOT NULL,
  `priority` int(10) DEFAULT '0',
  PRIMARY KEY (`id`)
) ENGINE=InnoDB  DEFAULT CHARSET=latin1 AUTO_INCREMENT=13 ;

--
-- Dumping data for table `funds`
--

INSERT INTO `funds` (`id`, `name`, `priority`) VALUES
(1, 'Common Fund', 1),
(2, 'Admin Fund', 2),
(3, 'Seminary Fund', 3),
(4, 'Mass Intentions', 4),
(5, 'Cathedraticum', 5),
(6, 'Clergy Fund', 6),
(7, 'CBCP Pension', 7),
(8, 'FDCD', 8),
(9, 'Pastoral Fund', 9),
(10, 'Remittable Fund', 10),
(11, 'Calamity Fund', 11),
(12, 'Holy Cross Press', 12);

-- --------------------------------------------------------

--
-- Table structure for table `reports`
--

CREATE TABLE IF NOT EXISTS `reports` (
  `id` int(10) NOT NULL AUTO_INCREMENT,
  `beginning` int(10) DEFAULT NULL,
  `report_date` int(11) NOT NULL,
  PRIMARY KEY (`id`)
) ENGINE=InnoDB DEFAULT CHARSET=latin1 AUTO_INCREMENT=1 ;

-- --------------------------------------------------------

--
-- Table structure for table `reports_deposits`
--

CREATE TABLE IF NOT EXISTS `reports_deposits` (
  `id` int(20) NOT NULL AUTO_INCREMENT,
  `bank_id` int(20) NOT NULL DEFAULT '0',
  `amount` decimal(20,4) NOT NULL,
  `report_date` date NOT NULL,
  PRIMARY KEY (`id`)
) ENGINE=InnoDB  DEFAULT CHARSET=latin1 AUTO_INCREMENT=45 ;

--
-- Dumping data for table `reports_deposits`
--

INSERT INTO `reports_deposits` (`id`, `bank_id`, `amount`, `report_date`) VALUES
(5, 4, '4633532.6600', '2016-07-29'),
(6, 5, '1525178.5000', '2016-07-29'),
(7, 6, '352496.4100', '2016-07-29'),
(8, 7, '138071.5600', '2016-07-29'),
(9, 8, '601366.1800', '2016-07-29'),
(10, 9, '93667.0600', '2016-07-29'),
(11, 10, '1224240.6600', '2016-07-29'),
(12, 11, '433402.9900', '2016-07-29'),
(13, 12, '712696.4900', '2016-07-29'),
(14, 13, '1600528.9800', '2016-07-29'),
(15, 14, '558445.8400', '2016-07-29'),
(16, 15, '3881440.7200', '2016-07-29'),
(17, 16, '112831.0800', '2016-07-29'),
(18, 17, '10000.0000', '2016-07-29'),
(19, 18, '3922041.2500', '2016-07-29'),
(20, 19, '1350379.4600', '2016-07-29'),
(22, 23, '951673.6800', '2016-07-29'),
(23, 24, '87275.5700', '2016-07-29'),
(24, 26, '3626549.8000', '2016-07-29'),
(25, 25, '11923.7900', '2016-07-29'),
(26, 27, '7272090.0000', '2016-07-29'),
(27, 28, '6582076.0200', '2016-07-29'),
(28, 29, '2631680.5200', '2016-07-29'),
(29, 30, '1949134.8800', '2016-07-29'),
(30, 31, '3034000.0000', '2016-07-29'),
(31, 32, '214148.4000', '2016-07-29'),
(32, 33, '3481301.7600', '2016-07-29'),
(33, 34, '3000000.0000', '2016-07-29'),
(34, 35, '3000000.0000', '2016-07-29'),
(35, 36, '1075151.5800', '2016-07-29'),
(36, 37, '3194987.5600', '2016-07-29'),
(37, 38, '2000000.0000', '2016-07-29'),
(38, 39, '28775.0000', '2016-07-29'),
(39, 40, '13042714.9100', '2016-07-29'),
(40, 44, '5000000.0000', '2016-07-29'),
(41, 41, '1074077.5200', '2016-07-29'),
(42, 42, '2513966.9500', '2016-07-29'),
(43, 43, '5315652.5800', '2016-07-29'),
(44, 0, '1742.0000', '2016-07-30');

-- --------------------------------------------------------

--
-- Table structure for table `reports_disbursements`
--

CREATE TABLE IF NOT EXISTS `reports_disbursements` (
  `id` int(20) NOT NULL AUTO_INCREMENT,
  `bank_id` int(20) NOT NULL DEFAULT '0',
  `amount` float(10,2) NOT NULL DEFAULT '0.00',
  `report_date` date NOT NULL,
  PRIMARY KEY (`id`)
) ENGINE=InnoDB  DEFAULT CHARSET=latin1 AUTO_INCREMENT=4 ;

--
-- Dumping data for table `reports_disbursements`
--

INSERT INTO `reports_disbursements` (`id`, `bank_id`, `amount`, `report_date`) VALUES
(1, 0, 10.00, '2016-08-01'),
(2, 4, 100543.00, '2016-08-01'),
(3, 5, 3489.30, '2016-07-30');

-- --------------------------------------------------------

--
-- Table structure for table `user_accounts`
--

CREATE TABLE IF NOT EXISTS `user_accounts` (
  `id` int(10) NOT NULL AUTO_INCREMENT,
  `username` varchar(200) NOT NULL,
  `password` varchar(200) NOT NULL,
  `name` varchar(200) NOT NULL,
  PRIMARY KEY (`id`),
  UNIQUE KEY `username` (`username`),
  KEY `id` (`id`)
) ENGINE=InnoDB  DEFAULT CHARSET=latin1 AUTO_INCREMENT=2 ;

--
-- Dumping data for table `user_accounts`
--

INSERT INTO `user_accounts` (`id`, `username`, `password`, `name`) VALUES
(1, 'admin', 'a94a8fe5ccb19ba61c4c0873d391e987982fbbd3', 'Admin');

/*!40101 SET CHARACTER_SET_CLIENT=@OLD_CHARACTER_SET_CLIENT */;
/*!40101 SET CHARACTER_SET_RESULTS=@OLD_CHARACTER_SET_RESULTS */;
/*!40101 SET COLLATION_CONNECTION=@OLD_COLLATION_CONNECTION */;
